YEAR,SITE,season,ecosystem,AGDE,AMCO,ARPS,AUFE,ERSI,MEAR2,MEBO,MEGL,MESP,OPOB,PAPA,SYMO,TRCA,TRFO,TRPA,TRPI,XACO,ARCO,CIPA,COCR,COOC,DABI,HEVI,PSDE,ACPI,BOAR,HERU,NONE,TRKI,LEWH,METE,PSTE,TRFR,MEPL,PHQU,COTE,MEAR,PHNE,BRMA,HICA,HATR,MELA,BONU,HAMA,MEFL,MEPA,MERE,PHRO,AUEL,MESA,PAWY,MEOC,METH,ACHI,TRME,SCNI,ENCO,MESP2
1992,BOER,fall,core_black,16,5,2,18,8,6,6,1,1,1,122,4,4,2,1,1,2,0,0,0,0,0,0,0,0,0,0,0,0,0,0,0,0,0,0,0,0,0,0,0,0,0,0,0,0,0,0,0,0,0,0,0,0,0,0,0,0,0
1992,BOER,spring,core_black,34,7,0,0,35,1,0,0,3,0,65,0,0,0,11,0,51,14,1,1,77,1,2,284,0,0,0,0,0,0,0,0,0,0,0,0,0,0,0,0,0,0,0,0,0,0,0,0,0,0,0,0,0,0,0,0,0,0
1992,LATR,fall,core_creosote,1,0,0,0,0,0,0,0,0,0,2,0,12,0,11,0,1,0,4,0,0,0,0,0,2,8,1,5,5,0,0,0,0,0,0,0,0,0,0,0,0,0,0,0,0,0,0,0,0,0,0,0,0,0,0,0,0,0
1992,LATR,spring,core_creosote,3,2,0,0,2,0,0,0,0,0,1,0,0,0,32,0,4,0,14,0,0,0,0,14,0,1,0,3,0,0,0,0,0,0,0,0,0,0,0,0,0,0,0,0,0,0,0,0,0,0,0,0,0,0,0,0,0,0
1992,PJ,fall,core_PJ,1,0,0,0,0,0,0,0,0,1,0,2,0,0,22,0,0,0,0,0,0,0,0,0,0,0,0,7,0,2,1,10,16,0,0,0,0,0,0,0,0,0,0,0,0,0,0,0,0,0,0,0,0,0,0,0,0,0
1992,PJ,spring,core_PJ,0,2,0,0,1,0,0,0,12,0,0,0,0,0,32,0,0,9,0,9,0,0,0,1,0,0,0,1,0,0,1,42,0,2,0,0,0,0,0,0,0,0,0,0,0,0,0,0,0,0,0,0,0,0,0,0,0,0
1993,BOER,fall,core_black,30,1,1,26,0,1,5,0,5,0,74,1,1,0,7,0,0,1,0,0,1,0,0,2,0,0,0,0,0,0,0,0,0,0,2,0,0,0,0,0,0,0,0,0,0,0,0,0,0,0,0,0,0,0,0,0,0,0
1993,BOER,spring,core_black,6,0,0,0,42,0,0,0,0,0,4,0,0,0,0,0,3,13,0,0,26,0,0,49,0,0,0,0,0,0,0,0,0,0,0,0,0,0,0,0,0,0,0,0,0,0,0,0,0,0,0,0,0,0,0,0,0,0
1993,LATR,fall,core_creosote,4,0,0,1,0,0,0,0,0,1,15,1,17,0,15,4,0,0,0,0,0,0,0,0,0,0,0,3,3,0,0,0,0,0,0,1,2,0,0,0,0,0,0,0,0,0,0,0,0,0,0,0,0,0,0,0,0,0
1993,LATR,spring,core_creosote,0,0,0,0,0,0,0,0,0,0,0,0,0,0,3,0,1,4,6,0,0,0,0,6,0,0,0,16,0,0,0,0,0,0,0,0,0,0,0,0,0,0,0,0,0,0,0,0,0,0,0,0,0,0,0,0,0,0
1993,PJ,fall,core_PJ,4,1,0,0,0,0,0,0,0,13,0,4,0,0,8,0,0,0,0,0,0,0,0,0,0,0,0,5,0,1,1,3,21,2,2,0,6,0,0,0,0,0,0,0,0,0,0,0,0,0,0,0,0,0,0,0,0,0
1993,PJ,spring,core_PJ,1,0,0,0,18,0,0,0,2,0,0,0,0,0,12,0,0,5,0,0,0,0,0,0,0,0,0,3,0,0,0,51,0,0,0,0,0,0,0,0,0,0,0,0,0,0,0,0,0,0,0,0,0,0,0,0,0,0
1994,BOER,fall,core_black,21,1,7,11,17,4,2,2,0,8,78,0,5,1,18,0,6,0,0,0,0,0,0,81,0,0,0,0,0,0,0,0,0,0,1,0,0,1,0,0,0,0,0,0,0,0,0,0,0,0,0,0,0,0,0,0,0,0
1994,BOER,spring,core_black,0,0,0,0,49,0,0,0,0,0,7,0,0,0,1,0,4,18,0,0,24,0,0,76,0,0,0,0,0,0,0,0,0,0,0,0,0,0,0,0,0,0,0,0,0,0,0,0,0,0,0,0,0,0,0,0,0,0
1994,LATR,fall,core_creosote,0,0,0,0,0,0,0,0,0,0,0,0,10,0,20,2,0,0,1,0,0,0,0,6,0,0,0,11,0,0,0,0,0,0,0,0,0,0,0,0,0,0,0,0,0,0,0,0,0,0,0,0,0,0,0,0,0,0
1994,LATR,spring,core_creosote,0,0,0,0,0,0,0,0,0,0,0,0,0,0,10,0,2,2,14,0,0,0,0,8,0,0,0,7,0,0,0,0,0,0,0,0,0,0,0,0,0,0,0,0,0,0,0,0,0,0,0,0,0,0,0,0,0,0
1994,PJ,fall,core_PJ,4,0,0,0,10,0,0,0,1,16,0,0,0,0,21,0,0,1,0,0,0,0,0,0,0,0,0,4,0,0,0,38,9,0,0,0,0,0,0,0,0,0,0,0,0,0,0,0,0,0,0,0,0,0,0,0,0,0
1994,PJ,spring,core_PJ,5,0,0,0,20,0,0,0,0,0,0,0,0,0,10,0,0,2,0,18,0,0,0,0,0,0,0,4,0,0,0,51,1,0,0,0,0,0,0,0,0,0,0,0,0,0,0,0,0,0,0,0,0,0,0,0,0,0
1995,BOER,fall,core_black,20,0,4,12,4,4,1,0,0,4,31,1,1,1,4,0,0,0,0,0,0,0,0,1,0,0,0,0,0,0,0,0,0,0,0,0,0,0,0,0,0,0,0,0,0,0,0,0,0,0,0,0,0,0,0,0,0,0
1995,BOER,spring,core_black,13,3,0,0,45,0,0,0,0,0,89,0,0,0,53,0,11,10,1,0,82,1,3,120,0,0,0,0,0,0,0,0,0,0,0,0,0,0,0,0,0,0,0,0,0,0,0,0,0,0,0,0,0,0,0,0,0,0
1995,LATR,fall,core_creosote,1,0,0,1,0,0,0,0,0,0,0,1,4,0,9,0,0,0,0,0,0,0,0,0,0,0,0,16,0,0,0,0,0,0,0,0,0,0,0,0,0,0,0,0,0,0,0,0,0,0,0,0,0,0,0,0,0,0
1995,LATR,spring,core_creosote,0,0,0,0,3,0,0,0,0,0,6,0,0,0,31,0,1,3,8,0,5,0,0,10,0,0,0,3,0,0,0,1,0,0,0,0,0,0,0,0,0,0,0,0,0,0,0,0,0,0,0,0,0,0,0,0,0,0
1995,PJ,fall,core_PJ,3,1,0,0,0,0,0,0,0,8,0,0,0,0,9,0,0,0,0,0,0,0,0,0,0,0,2,14,0,0,0,3,8,1,0,0,3,0,0,0,0,0,0,0,0,0,0,0,0,0,0,0,0,0,0,0,0,0
1995,PJ,spring,core_PJ,0,0,0,0,5,0,0,0,0,0,0,0,0,0,36,0,0,7,0,6,0,0,0,0,0,0,2,1,0,0,0,50,3,0,0,0,0,0,0,0,0,0,0,0,0,0,0,0,0,0,0,0,0,0,0,0,0,0
1996,BOER,fall,core_black,3,0,14,26,3,2,0,4,0,0,111,0,6,3,60,0,1,0,0,0,0,1,0,0,0,0,0,0,3,1,0,0,0,0,0,0,0,0,0,0,0,0,0,0,0,0,0,0,0,0,0,0,0,0,0,0,0,0
1996,BOER,spring,core_black,2,0,0,0,2,0,0,0,0,0,0,0,0,0,0,0,2,19,0,0,0,0,0,21,0,0,0,5,0,0,0,0,0,0,0,0,0,0,0,0,0,0,0,0,0,0,0,0,0,0,0,0,0,0,0,0,0,0
1996,LATR,fall,core_creosote,0,0,3,0,0,0,0,0,0,0,11,1,12,0,12,1,0,0,1,0,0,0,0,0,0,7,0,6,0,0,0,0,0,0,0,0,0,0,0,0,0,0,0,0,0,0,0,0,0,0,0,0,0,0,0,0,0,0
1996,LATR,spring,core_creosote,0,0,0,0,0,0,0,0,0,0,0,0,0,0,1,0,0,0,3,0,0,0,0,1,0,0,0,25,0,0,0,0,0,0,0,0,0,0,0,0,0,0,0,0,0,0,0,0,0,0,0,0,0,0,0,0,0,0
1996,PJ,fall,core_PJ,0,0,0,0,0,0,0,0,0,2,0,0,0,0,25,0,0,0,0,0,0,0,0,0,0,0,1,11,0,0,0,11,0,0,0,0,0,0,0,0,0,0,0,0,0,0,0,0,0,0,0,0,0,0,0,0,0,0
1996,PJ,spring,core_PJ,0,0,0,0,0,0,0,0,0,0,0,0,0,0,0,0,0,0,0,0,0,0,0,0,0,0,0,24,0,0,0,7,0,0,0,0,0,0,0,0,0,0,0,0,0,0,0,0,0,0,0,0,0,0,0,0,0,0
1997,BOER,fall,core_black,0,0,25,19,0,3,0,19,0,5,67,1,3,3,28,2,1,0,0,0,0,1,0,8,0,0,0,0,0,4,0,0,0,0,0,0,0,0,3,0,0,0,0,0,0,0,0,0,0,0,0,0,0,0,0,0,0,0
1997,BOER,spring,core_black,0,0,0,0,6,0,0,0,0,0,0,0,0,0,11,0,13,26,0,0,0,0,0,55,0,0,0,0,0,0,0,0,0,0,0,0,0,0,0,0,0,0,0,0,0,0,0,0,0,0,0,0,0,0,0,0,0,0
1997,LATR,fall,core_creosote,0,0,9,1,1,0,0,0,0,0,2,0,11,0,26,1,0,0,0,0,0,0,0,0,1,0,0,4,0,2,0,0,0,0,0,0,0,0,0,1,0,0,0,0,0,0,0,0,0,0,0,0,0,0,0,0,0,0
1997,LATR,spring,core_creosote,0,0,0,0,2,0,0,0,0,0,0,0,0,0,7,0,1,11,4,0,0,0,0,8,0,0,0,11,0,0,0,0,0,0,0,0,0,0,0,0,0,0,0,0,0,0,0,0,0,0,0,0,0,0,0,0,0,0
1997,PJ,fall,core_PJ,1,0,0,0,1,0,0,0,0,3,0,0,0,0,15,0,0,0,0,0,0,0,0,0,0,0,0,4,0,0,0,31,3,1,0,0,3,0,0,0,0,0,0,0,0,0,0,0,0,0,0,0,0,0,0,0,0,0
1997,PJ,spring,core_PJ,0,0,0,0,0,0,0,0,0,0,0,0,0,0,10,0,0,5,0,0,0,0,0,1,0,0,0,7,0,0,0,36,0,0,0,0,0,0,0,0,0,0,0,0,0,0,0,0,0,0,0,0,0,0,0,0,0,0
1998,BOER,fall,core_black,2,0,29,27,4,14,0,22,0,4,64,0,0,6,25,1,2,2,0,0,0,0,0,38,0,0,0,0,0,1,0,1,0,0,0,0,0,0,0,0,0,0,0,0,0,0,0,0,0,0,0,0,0,0,0,0,0,0
1998,BOER,spring,core_black,2,0,0,0,10,0,0,0,0,0,31,0,0,0,61,0,22,11,1,0,6,0,1,97,0,0,0,0,0,0,0,1,0,0,0,0,0,0,0,0,0,0,0,0,0,0,0,0,0,0,0,0,0,0,0,0,0,0
1998,LATR,fall,core_creosote,0,0,8,0,0,0,0,1,0,0,3,0,7,0,35,2,0,0,4,0,0,0,0,1,0,2,0,1,0,1,0,0,0,0,0,0,0,0,0,0,0,0,0,0,0,0,0,0,0,0,0,0,0,0,0,0,0,0
1998,LATR,spring,core_creosote,0,0,0,0,5,0,0,0,0,0,1,0,0,0,61,0,5,6,23,0,0,0,0,12,0,6,0,0,0,0,0,0,0,0,0,0,0,0,0,0,0,0,0,0,0,0,0,0,0,0,0,0,0,0,0,0,0,0
1998,PJ,fall,core_PJ,0,0,0,0,1,0,0,0,0,4,0,0,0,0,9,0,0,0,0,0,0,0,0,0,0,0,0,0,0,0,1,35,6,1,0,0,4,0,0,0,0,0,0,0,0,0,0,0,0,0,0,0,0,0,0,0,0,0
1998,PJ,spring,core_PJ,0,0,0,0,4,0,0,0,0,0,0,0,0,0,15,0,1,12,0,0,0,0,0,0,0,0,0,0,0,0,0,99,0,0,0,0,0,0,0,0,0,0,0,0,0,0,0,0,0,0,0,0,0,0,0,0,0,0
1999,BOER,fall,core_black,7,0,38,93,4,53,2,35,0,21,144,0,1,11,14,1,3,1,0,0,0,4,1,39,0,0,0,0,9,2,0,0,0,0,0,0,0,0,0,0,0,0,0,0,0,0,0,0,0,0,0,0,0,0,0,0,0,0
1999,BOER,spring,core_black,0,0,0,0,2,0,0,0,0,0,12,0,0,0,4,0,7,12,0,0,11,0,0,57,0,0,0,0,0,0,0,10,0,0,0,0,0,0,0,0,0,0,0,0,0,0,0,0,0,0,0,0,0,0,0,0,0,0
1999,LATR,fall,core_creosote,1,0,6,2,0,0,0,1,0,3,11,0,8,0,30,1,0,0,1,0,0,0,0,0,0,7,1,4,3,1,0,2,0,0,0,0,0,0,0,11,0,0,0,0,0,0,0,0,0,0,0,0,0,0,0,0,0,0
1999,LATR,spring,core_creosote,0,0,0,0,0,0,0,0,0,0,0,0,0,0,6,0,0,2,9,0,0,0,0,3,0,0,0,12,0,0,0,11,0,0,0,0,0,0,0,0,0,0,0,0,0,0,0,0,0,0,0,0,0,0,0,0,0,0
1999,PJ,fall,core_PJ,0,0,0,0,0,0,0,0,2,6,0,1,0,0,12,0,0,3,0,0,0,0,0,0,0,0,4,1,0,0,1,52,7,1,1,0,4,0,0,0,0,0,0,0,0,0,0,0,0,0,0,0,0,0,0,0,0,0
1999,PJ,spring,core_PJ,0,0,0,0,2,0,0,0,0,0,0,0,0,0,0,0,0,3,0,0,0,0,0,0,0,0,2,9,0,0,0,30,0,0,0,0,0,0,0,0,0,0,0,0,0,0,0,0,0,0,0,0,0,0,0,0,0,0
2000,BOER,fall,core_black,6,0,15,32,1,4,0,5,0,1,39,0,1,3,7,1,1,0,0,0,0,1,0,34,0,0,0,0,9,1,0,0,0,0,0,0,0,0,0,0,0,0,0,0,0,0,0,0,0,0,0,0,0,0,0,0,0,0
2000,BOER,spring,core_black,0,0,0,0,11,0,0,0,0,0,29,0,0,1,5,0,13,15,0,0,58,0,0,106,0,0,1,0,0,0,0,17,0,0,0,0,0,0,0,0,0,0,0,0,0,0,0,0,0,0,0,0,0,0,0,0,0,0
2000,LATR,fall,core_creosote,0,0,4,1,0,0,0,0,0,1,6,0,3,0,5,4,0,0,0,0,0,0,0,6,1,0,0,12,5,0,0,0,0,0,0,0,0,0,0,6,0,0,0,0,0,0,0,0,0,0,0,0,0,0,0,0,0,0
2000,LATR,spring,core_creosote,0,0,0,0,0,0,0,0,0,0,1,0,0,0,16,0,2,8,17,0,0,0,0,4,0,4,0,2,0,0,0,11,0,0,0,0,0,0,0,0,0,0,0,0,0,0,0,0,0,0,0,0,0,0,0,0,0,0
2000,PJ,fall,core_PJ,2,0,1,0,0,0,0,0,0,4,0,0,0,0,0,0,0,0,0,0,0,0,0,0,0,0,2,17,0,0,0,6,5,0,0,0,0,0,0,0,0,0,0,0,0,0,0,0,0,0,0,0,0,0,0,0,0,0
2000,PJ,spring,core_PJ,0,0,0,0,2,0,0,0,0,0,0,0,0,0,1,0,0,3,0,5,0,0,1,1,0,0,0,8,0,0,0,24,2,0,0,0,0,0,0,0,0,0,0,0,0,0,0,0,0,0,0,0,0,0,0,0,0,0
2001,BOER,fall,core_black,104,3,11,33,3,7,1,0,0,15,105,0,0,7,19,3,3,0,0,0,1,6,14,36,0,0,0,0,3,0,0,0,0,0,0,0,0,0,0,0,7,0,0,0,0,0,0,0,0,0,0,0,0,0,0,0,0,0
2001,BOER,spring,core_black,8,2,0,0,28,0,0,0,0,0,44,0,0,0,25,0,38,68,2,0,240,0,2,363,0,0,0,0,0,0,0,0,0,0,0,0,0,0,0,0,0,0,0,0,0,0,0,0,0,0,0,0,0,0,0,0,0,0
2001,LATR,fall,core_creosote,6,0,1,2,0,0,0,0,0,1,4,0,25,0,19,5,0,0,1,0,0,0,0,0,1,5,1,4,1,1,0,0,0,0,0,0,0,0,0,3,0,0,0,0,0,0,0,0,0,0,0,0,0,0,0,0,0,0
2001,LATR,spring,core_creosote,0,0,0,0,3,0,0,0,0,0,0,0,0,1,21,0,4,15,27,0,6,0,0,10,0,0,0,1,0,0,0,29,0,0,0,0,0,0,0,0,0,0,0,0,0,0,0,0,0,0,0,0,0,0,0,0,0,0
2002,BOER,fall,core_black,0,2,21,120,1,17,3,0,0,9,189,11,5,8,128,2,1,0,0,0,0,4,3,23,0,0,0,0,7,0,0,0,0,0,0,0,0,0,0,0,0,14,0,0,0,0,0,0,0,0,0,0,0,0,0,0,0,0
2002,BOER,spring,core_black,0,0,0,0,1,0,0,0,0,0,0,0,0,0,0,0,13,26,1,0,0,0,0,242,0,0,0,0,0,0,0,2,0,0,0,0,0,0,0,0,0,0,0,0,0,0,0,0,0,0,0,0,0,0,0,0,0,0
2002,BOGR,fall,core_blue,0,0,5,118,0,20,0,5,0,0,0,10,0,9,116,0,5,0,0,0,0,4,0,0,0,0,3,0,10,5,0,0,0,0,8,0,0,4,30,0,0,60,1,1,2,1,4,0,0,0,0,0,0,0,0,0,0,0
2002,BOGR,spring,core_blue,0,0,0,0,0,0,0,0,0,0,0,0,0,0,0,0,10,1,0,0,0,0,0,13,0,0,0,10,0,0,0,9,0,0,0,0,0,0,0,0,0,0,0,0,0,0,0,0,0,0,0,0,0,0,0,0,0,0
2002,LATR,fall,core_creosote,0,0,3,5,0,0,0,0,0,0,3,5,14,0,39,2,0,0,4,0,0,0,0,5,5,7,0,1,1,0,0,5,0,0,0,0,0,0,0,13,0,0,0,0,0,0,0,0,0,0,0,0,0,0,0,0,0,0
2002,LATR,spring,core_creosote,0,0,0,0,0,0,0,0,0,0,0,0,0,0,0,0,2,7,7,0,0,0,0,1,0,0,0,17,0,0,0,0,0,0,0,0,0,0,0,0,0,0,0,0,0,0,0,0,0,0,0,0,0,0,0,0,0,0
2003,BOER,fall,core_black,6,0,2,3,0,0,0,0,0,0,6,0,0,0,49,0,1,0,0,0,0,0,0,0,0,0,0,3,0,0,0,0,0,0,0,0,0,0,0,0,0,0,0,0,0,0,0,0,0,0,0,0,0,0,0,0,0,0
2003,BOER,spring,core_black,0,0,0,1,0,1,0,0,0,0,0,0,0,0,134,0,17,18,0,0,6,0,0,49,0,0,0,0,0,0,0,1,0,0,0,0,0,0,0,0,0,0,0,0,0,0,0,0,0,0,0,0,0,0,0,0,0,0
2003,BOGR,fall,core_blue,2,0,0,6,0,0,0,0,0,0,0,0,0,0,15,0,2,0,0,0,0,0,0,0,0,0,0,8,4,0,0,1,0,0,0,0,0,0,0,0,1,0,0,0,0,0,0,0,0,0,0,0,0,0,0,0,0,0
2003,BOGR,spring,core_blue,0,0,0,0,3,0,0,0,0,0,0,0,0,0,64,0,65,0,0,0,0,0,0,106,0,0,0,0,0,0,0,9,0,0,0,0,0,0,0,0,0,0,0,0,0,0,0,0,0,0,0,0,0,0,0,0,0,0
2003,LATR,fall,core_creosote,0,0,1,0,1,0,0,0,0,0,0,0,4,0,20,0,0,0,0,0,0,0,0,1,4,0,0,10,0,0,0,0,0,0,0,0,0,0,0,1,0,0,0,0,0,0,0,0,0,0,0,0,0,0,0,0,0,0
2003,LATR,spring,core_creosote,0,0,2,0,0,0,0,0,0,0,0,0,0,0,86,0,1,6,22,0,0,0,0,9,0,0,0,0,0,0,0,1,0,0,0,0,0,0,0,0,0,0,0,0,0,0,0,1,0,0,0,0,0,0,0,0,0,0
2004,BOER,fall,core_black,4,0,1,6,0,12,0,0,0,0,29,0,1,3,19,2,0,0,0,0,0,0,0,0,0,0,0,0,1,0,0,0,0,0,0,0,0,0,0,0,0,0,0,0,0,0,0,0,0,0,0,0,0,0,0,0,0,0
2004,BOER,spring,core_black,0,0,0,0,0,0,0,0,0,0,6,0,0,0,85,0,17,3,0,0,2,0,0,19,0,0,0,0,0,0,0,0,0,0,0,0,0,0,0,0,1,0,0,0,0,0,0,0,0,0,0,0,0,0,0,0,0,0
2004,BOGR,fall,core_blue,6,2,4,13,1,154,0,0,0,0,2,0,0,8,39,0,6,0,0,0,0,3,0,0,0,0,0,0,4,0,0,0,0,0,0,0,0,0,38,0,3,13,0,0,2,0,0,0,3,0,0,0,0,0,0,0,0,0
2004,BOGR,spring,core_blue,0,0,0,0,0,14,0,0,0,0,0,0,0,0,202,0,103,0,0,0,0,0,0,112,0,0,1,0,0,0,0,1,0,0,0,0,0,0,0,0,1,0,0,0,0,0,0,0,0,0,0,0,0,0,0,0,0,0
2004,LATR,fall,core_creosote,0,0,0,0,0,0,0,0,0,0,0,0,11,0,11,1,0,0,0,0,0,0,0,0,1,1,0,11,0,1,0,0,0,0,0,0,0,0,0,1,0,0,0,0,0,0,0,0,0,0,0,0,0,0,0,0,0,0
2004,LATR,spring,core_creosote,0,0,0,0,0,0,0,0,0,0,0,0,0,0,62,0,0,1,5,0,0,0,0,9,0,0,0,0,0,0,0,0,0,0,0,0,0,0,0,0,0,0,0,0,0,0,0,0,0,0,0,0,0,0,0,0,0,0
2005,BOER,fall,core_black,18,3,4,13,0,0,3,0,0,0,64,2,11,3,52,6,0,1,0,0,1,2,2,0,0,0,0,0,0,0,0,0,0,0,0,1,0,0,0,0,0,0,0,0,0,0,0,0,0,2,0,0,0,0,0,0,0,0
2005,BOER,spring,core_black,1,0,0,0,0,0,0,0,0,0,0,0,0,0,56,0,14,7,3,0,19,0,0,54,0,0,0,0,0,0,0,0,0,0,0,0,0,0,0,0,0,0,0,0,0,0,0,0,0,1,0,0,0,0,0,0,0,0
2005,BOGR,fall,core_blue,1,1,5,10,1,14,0,0,0,2,2,2,0,0,29,0,5,0,0,0,0,2,0,2,0,0,4,0,0,0,0,6,0,0,0,0,0,0,0,0,11,0,0,0,0,0,0,0,19,281,1,0,0,0,0,0,0,0
2005,BOGR,spring,core_blue,1,0,0,3,1,0,0,0,0,0,0,0,0,0,52,0,60,0,0,0,0,5,0,68,0,0,0,0,0,0,0,0,0,0,0,0,0,0,0,0,2,0,0,0,0,0,0,0,2,549,0,18,0,0,0,0,0,0
2005,LATR,fall,core_creosote,1,0,0,0,0,0,0,0,0,0,4,1,21,0,10,1,0,0,0,0,0,0,0,0,2,7,0,5,0,0,0,0,0,0,0,0,0,0,0,3,0,0,0,0,0,0,0,0,0,0,0,0,0,0,0,0,0,0
2005,LATR,spring,core_creosote,0,0,0,0,0,0,0,0,0,0,0,0,0,0,38,0,3,3,16,0,0,0,0,2,0,0,0,1,0,0,0,1,0,0,0,0,0,0,0,0,0,0,0,0,0,0,0,0,0,0,0,0,0,0,0,0,0,0
2006,BOER,fall,core_black,6,0,9,27,0,27,3,1,0,2,57,2,7,5,44,7,1,0,0,0,0,4,1,0,0,0,0,0,4,0,0,0,0,0,0,0,0,0,2,0,1,18,0,0,0,0,0,0,0,2,3,0,0,0,0,0,0,0
2006,BOER,spring,core_black,0,0,0,0,0,0,0,0,0,0,0,0,0,0,7,0,6,5,0,0,10,0,0,32,0,0,0,6,0,0,0,0,0,0,0,0,0,0,0,0,0,0,0,0,0,0,0,0,0,0,0,0,0,0,0,0,0,0
2006,BOGR,fall,core_blue,5,2,5,44,1,15,0,0,0,9,1,3,0,3,13,0,0,0,0,0,0,4,0,3,0,0,1,0,6,0,0,1,0,0,0,0,0,0,8,0,10,6,0,0,0,0,0,0,5,4,0,0,1,0,0,0,0,0
2006,BOGR,spring,core_blue,0,0,0,20,9,0,0,0,0,0,0,0,0,0,4,0,52,0,0,0,0,0,0,332,0,0,0,0,0,0,0,58,0,0,0,0,0,0,0,0,2,0,0,0,0,0,0,0,111,2,0,0,0,0,0,0,0,0
2006,LATR,fall,core_creosote,1,0,0,1,0,0,0,0,0,1,3,1,27,0,30,7,0,0,4,0,0,0,0,0,3,0,0,1,0,0,0,0,0,0,0,0,0,0,0,5,0,0,0,0,0,0,0,0,0,0,0,0,0,0,0,0,0,0
2006,LATR,spring,core_creosote,0,0,0,0,1,0,0,0,0,0,0,0,0,0,8,0,0,1,1,0,0,0,0,1,0,0,0,20,0,0,0,0,0,0,0,0,0,0,0,0,0,0,0,0,0,0,0,0,0,0,0,0,0,0,0,0,0,0
2007,BOER,fall,core_black,63,4,18,21,0,72,1,0,0,3,67,1,5,1,13,11,0,0,0,0,0,0,3,0,0,0,0,0,0,0,0,0,0,0,0,0,0,0,1,0,4,3,0,0,0,0,0,0,0,0,0,0,0,0,0,0,0,0
2007,BOER,spring,core_black,5,5,0,1,11,0,1,0,0,0,6,0,0,0,56,0,9,7,0,0,14,1,6,108,0,0,0,0,0,0,0,5,0,0,0,0,0,0,0,0,1,0,0,0,0,0,0,0,0,17,0,0,0,0,0,0,0,0
2007,BOGR,fall,core_blue,91,6,20,87,1,112,0,0,0,18,0,0,0,3,7,0,6,0,0,0,0,0,0,3,0,0,9,0,1,0,0,1,0,0,5,0,0,0,3,0,26,0,0,0,0,0,0,0,0,41,0,0,0,0,0,0,0,0
2007,BOGR,spring,core_blue,6,20,0,24,31,0,0,0,0,0,0,0,0,1,133,0,52,7,0,0,0,0,0,190,0,0,11,0,0,0,0,268,0,0,0,0,0,0,0,0,28,0,0,0,0,0,0,0,18,145,0,0,0,7,0,0,0,0
2007,LATR,fall,core_creosote,2,0,1,1,1,0,0,0,0,2,4,0,17,0,24,2,0,0,1,0,0,0,0,0,1,1,0,2,0,0,0,0,0,0,0,0,0,0,0,5,0,0,0,0,0,0,0,0,0,0,0,0,0,0,0,0,0,0
2007,LATR,spring,core_creosote,2,0,0,0,1,0,0,0,0,0,0,0,0,0,52,0,0,2,16,0,0,0,1,9,0,4,0,0,0,0,0,7,0,0,0,0,0,0,0,0,0,0,0,0,0,0,0,2,0,0,0,0,0,0,0,0,0,0
2008,BOER,fall,core_black,11,0,19,34,0,54,2,1,0,1,74,4,9,4,49,7,0,0,0,0,0,0,0,0,0,0,0,0,9,0,0,0,0,0,0,0,0,0,2,0,0,19,0,0,0,0,0,0,0,0,1,0,0,0,0,0,0,0
2008,BOER,spring,core_black,0,0,0,0,0,0,0,0,0,0,0,0,0,0,6,0,5,11,0,0,0,0,0,39,0,0,0,3,0,0,0,0,0,0,0,0,0,0,0,0,0,0,0,0,0,0,0,0,0,0,0,0,0,0,0,0,0,0
2008,BOGR,fall,core_blue,73,6,20,105,1,117,0,1,0,17,0,1,0,3,48,0,6,0,0,0,0,1,0,1,0,0,10,0,13,0,0,1,0,0,3,0,0,0,10,0,26,60,0,0,0,0,0,0,0,27,0,0,0,0,0,0,0,0
2008,BOGR,spring,core_blue,0,0,0,0,10,0,0,0,0,0,0,0,0,0,5,0,17,2,0,0,0,0,0,84,0,0,0,0,0,0,0,57,0,0,0,0,0,0,0,0,0,0,0,0,0,0,0,0,0,0,0,0,0,0,0,0,0,0
2008,LATR,fall,core_creosote,1,0,3,5,0,0,0,0,0,1,3,1,14,0,52,2,0,0,0,0,0,0,0,0,8,3,0,0,0,2,0,0,0,0,0,0,0,0,0,7,0,0,0,0,0,0,0,0,0,0,0,0,0,0,0,0,0,0
2008,LATR,spring,core_creosote,0,0,0,0,0,0,0,0,0,0,0,0,0,0,8,0,0,4,6,0,0,0,0,3,0,0,0,14,0,0,0,0,0,0,0,0,0,0,0,0,0,0,0,0,0,0,0,0,0,0,0,0,0,0,0,0,0,0
2009,BOER,fall,core_black,16,0,28,17,0,1,1,8,0,0,43,6,2,0,26,7,0,0,0,0,0,0,0,0,0,0,0,0,13,1,0,0,0,0,2,0,0,0,0,0,0,0,0,0,0,0,0,0,0,0,0,0,0,0,1,0,0,0
2009,BOER,spring,core_black,0,0,0,0,2,0,0,0,0,0,0,0,0,0,6,0,1,3,0,0,8,0,0,33,0,0,0,4,0,0,0,1,0,0,0,0,0,0,0,0,0,0,0,0,0,0,0,0,0,0,0,0,0,0,0,0,0,0
2009,BOGR,fall,core_blue,23,0,26,38,1,6,0,6,0,16,0,1,0,0,12,0,0,0,0,0,0,0,0,0,0,0,0,0,26,1,0,0,0,0,25,0,0,1,0,0,2,0,1,0,0,0,0,0,0,0,0,0,0,0,0,0,0,0
2009,BOGR,spring,core_blue,0,0,0,0,11,0,0,0,0,0,0,0,0,0,23,0,7,1,0,0,0,0,0,92,0,0,0,0,0,0,0,12,0,0,0,0,0,0,0,0,0,0,0,0,0,0,0,0,0,0,0,0,0,0,0,0,0,0
2009,LATR,fall,core_creosote,1,0,8,2,0,1,0,0,0,2,2,1,10,0,20,5,0,0,0,0,0,0,0,0,1,2,0,2,2,2,0,0,0,0,0,0,0,0,0,5,0,0,0,0,0,0,0,0,0,0,0,0,0,0,0,0,0,0
2009,LATR,spring,core_creosote,0,0,0,0,0,0,0,0,0,0,0,0,0,0,14,0,0,0,6,0,0,0,0,2,0,0,0,11,0,0,0,0,0,0,0,0,0,0,0,0,0,0,0,0,0,0,0,1,0,0,0,0,0,0,0,0,0,0
2010,BOER,fall,core_black,13,0,13,8,0,11,0,2,0,0,38,6,8,0,39,6,0,0,0,0,0,0,0,0,0,0,0,0,6,1,0,0,0,0,0,0,1,0,0,0,0,0,0,0,0,0,0,0,1,0,1,0,0,0,0,0,0,0
2010,BOER,spring,core_black,0,0,0,0,0,0,0,0,0,0,1,0,0,0,44,0,4,4,0,0,3,0,0,44,0,0,0,0,0,0,0,0,0,0,0,0,0,0,0,0,0,0,0,0,0,0,0,0,0,0,0,0,0,0,0,0,0,0
2010,BOGR,fall,core_blue,31,6,28,120,0,44,0,1,0,25,0,12,0,3,6,0,0,0,0,0,0,0,0,0,0,0,8,0,67,3,0,0,0,0,87,0,0,0,18,0,14,15,0,0,0,0,0,0,1,2,0,0,0,0,1,0,0,0
2010,BOGR,spring,core_blue,0,0,0,0,15,0,0,0,0,0,0,0,0,0,69,0,19,3,0,0,0,0,0,114,0,0,0,0,0,0,0,38,0,0,0,0,0,0,0,0,2,0,0,0,0,0,0,0,0,25,0,0,0,0,0,0,0,0
2010,LATR,fall,core_creosote,1,0,5,1,0,2,0,0,0,5,10,1,21,0,42,0,0,0,0,0,0,0,0,0,8,9,0,0,0,3,0,0,0,0,0,0,2,0,0,8,0,0,0,0,0,0,0,0,0,0,0,0,0,0,0,0,0,0
2010,LATR,spring,core_creosote,0,0,0,0,2,0,0,0,0,0,0,0,0,0,35,0,2,1,11,0,0,0,0,8,0,0,0,2,0,0,0,3,0,0,0,0,0,0,0,0,0,0,0,0,0,0,0,0,0,0,0,0,0,0,0,0,0,0
2011,BOER,fall,core_black,0,0,12,10,0,4,0,1,0,0,23,1,4,1,35,7,0,0,0,0,0,0,0,0,0,0,0,0,11,0,0,0,0,0,0,1,0,0,0,0,0,0,0,0,0,0,0,0,0,0,0,0,0,0,0,0,0,0
2011,BOER,spring,core_black,0,0,0,0,0,0,0,0,0,0,0,0,0,0,2,0,2,5,0,0,0,0,0,11,0,0,0,15,0,0,0,0,0,0,0,0,0,0,0,0,0,0,0,0,0,0,0,0,0,0,0,0,0,0,0,0,0,0
2011,BOGR,fall,core_blue,5,1,17,82,0,19,0,5,0,14,0,3,0,1,21,0,0,0,0,0,0,1,0,0,0,0,0,0,74,12,0,0,0,0,101,0,0,3,9,0,1,16,0,0,0,0,0,0,0,0,0,0,0,0,2,0,0,0
2011,BOGR,spring,core_blue,0,0,0,0,0,0,0,0,0,0,0,0,0,0,5,0,7,3,0,0,0,0,0,43,0,0,0,1,0,0,0,3,0,0,0,0,0,0,0,0,0,0,0,0,0,0,0,0,0,0,0,0,0,0,0,0,0,0
2011,LATR,fall,core_creosote,0,0,8,5,0,0,0,1,0,7,1,2,8,0,26,2,0,1,0,0,0,0,0,0,1,0,0,2,4,2,0,0,0,0,0,0,0,0,0,14,0,1,0,0,0,0,0,0,0,0,0,0,0,0,0,0,0,0
2011,LATR,spring,core_creosote,0,0,0,0,0,0,0,0,0,0,0,0,0,0,4,0,0,0,2,0,0,0,0,1,0,0,0,24,0,0,0,0,0,0,0,0,0,0,0,0,0,0,0,0,0,0,0,0,0,0,0,0,0,0,0,0,0,0
2012,BOER,fall,core_black,0,0,7,5,0,14,0,2,0,0,30,2,19,12,43,10,0,0,0,0,0,0,0,0,0,0,0,0,15,0,0,0,0,0,0,0,0,0,0,0,0,2,0,0,0,0,0,0,0,0,0,0,0,0,0,0,0,0
2012,BOER,spring,core_black,0,0,0,0,0,0,0,0,0,0,0,0,0,0,32,0,6,0,0,0,0,0,0,18,0,0,0,7,0,0,0,1,0,0,0,0,0,0,0,0,0,0,0,0,0,0,0,0,0,0,0,0,0,0,0,0,0,0
2012,BOGR,fall,core_blue,3,0,13,75,1,10,0,3,0,4,0,1,0,3,35,1,0,0,0,0,0,0,0,0,0,0,1,0,70,5,0,0,0,0,43,0,0,0,2,0,6,12,0,0,0,0,0,0,1,0,0,0,0,0,0,0,0,0
2012,BOGR,spring,core_blue,0,0,0,0,7,0,0,0,0,0,0,0,0,0,41,0,11,1,0,0,0,1,0,43,0,0,1,0,0,0,0,24,0,0,0,0,0,0,0,0,0,0,0,0,0,0,0,0,0,0,0,0,0,0,0,0,0,0
2012,LATR,fall,core_creosote,2,0,3,2,0,0,0,0,0,2,0,0,9,0,22,3,0,0,0,0,0,0,0,0,0,0,0,3,4,3,0,0,0,0,0,0,0,0,0,8,0,0,0,0,0,0,0,0,0,0,0,0,0,0,0,0,0,0
2012,LATR,spring,core_creosote,0,0,0,0,1,0,0,0,0,0,0,0,0,0,21,0,0,0,7,0,0,0,0,0,0,0,0,8,0,0,0,0,0,0,0,0,0,0,0,0,0,0,0,0,0,0,0,0,0,0,0,0,0,0,0,0,0,0
2013,BOER,fall,core_black,0,0,17,23,0,61,0,7,0,0,38,0,0,41,66,8,0,0,0,0,0,1,0,0,0,0,0,0,13,7,0,0,0,0,0,0,0,0,5,0,1,20,0,0,2,0,0,0,0,0,0,0,0,0,1,0,0,0
2013,BOER,spring,core_black,0,0,0,0,0,0,0,0,0,0,0,0,0,0,37,0,1,10,0,0,0,0,0,19,0,0,0,1,0,0,0,0,0,0,0,0,0,0,0,0,0,0,0,0,0,0,0,0,0,0,0,0,0,0,0,0,0,0
2013,BOGR,fall,core_blue,1,0,13,46,0,52,0,11,0,6,0,0,0,13,68,0,1,0,0,0,0,0,0,0,0,0,0,0,38,4,0,0,0,0,0,0,0,0,28,0,1,67,0,0,0,0,0,0,0,11,0,0,0,0,1,0,0,0
2013,BOGR,spring,core_blue,0,0,0,0,1,0,0,0,0,0,0,0,0,0,54,0,10,3,0,0,0,0,0,53,0,0,0,0,0,0,0,11,0,0,0,0,0,0,0,0,0,0,0,0,0,0,0,0,0,0,0,0,0,0,0,0,0,0
2013,LATR,fall,core_creosote,0,0,1,0,0,0,0,0,0,0,10,0,2,0,59,1,0,0,3,0,0,0,0,0,16,0,0,0,1,1,0,0,0,0,0,0,0,0,0,11,0,0,0,0,0,0,0,0,0,0,0,0,0,0,0,0,0,0
2013,LATR,spring,core_creosote,0,0,0,0,0,0,0,0,0,0,0,0,0,0,11,0,0,1,1,0,0,0,0,0,0,0,0,18,0,0,0,0,0,0,0,0,0,0,0,0,0,0,0,0,0,0,0,0,0,0,0,0,0,0,0,0,0,0
2014,BOER,fall,core_black,3,0,18,11,0,83,0,150,0,0,10,3,0,6,10,16,0,0,0,0,0,0,0,1,0,0,0,0,43,3,0,0,0,0,0,0,0,0,8,0,1,24,0,0,0,0,0,0,0,0,0,0,0,0,25,0,0,0
2014,BOER,spring,core_black,0,0,0,0,0,0,0,0,0,0,0,0,0,0,61,0,9,1,0,0,0,0,0,33,0,0,0,0,0,0,0,0,0,0,0,0,0,0,0,0,0,0,0,0,0,0,0,0,0,0,0,0,0,0,0,0,0,0
2014,BOGR,fall,core_blue,2,0,17,21,0,84,0,187,0,6,0,2,0,10,14,0,0,0,0,0,0,0,0,2,0,0,4,0,40,5,0,0,0,0,23,0,0,6,9,0,0,79,0,0,0,0,0,0,0,0,0,0,0,0,48,0,0,0
2014,BOGR,spring,core_blue,0,0,0,0,0,0,0,0,0,0,0,0,0,0,81,0,13,0,0,0,0,0,0,83,0,0,0,0,0,0,0,5,0,0,0,0,0,0,0,0,0,0,0,0,0,0,0,0,0,0,0,0,0,0,0,0,0,0
2014,LATR,fall,core_creosote,0,0,12,1,0,1,0,11,0,3,2,0,11,0,14,6,0,0,0,0,0,0,0,0,27,0,0,2,4,2,0,0,0,0,0,0,1,2,0,8,0,1,0,0,0,0,0,0,0,0,0,0,0,0,0,0,0,0
2014,LATR,spring,core_creosote,0,0,0,0,0,0,0,0,0,0,0,0,0,0,60,0,0,1,7,0,0,0,0,4,0,0,0,0,0,0,0,1,0,0,0,0,0,0,0,0,0,0,0,0,0,0,0,0,0,0,0,0,0,0,0,0,0,0
2015,BOER,fall,core_black,7,0,8,8,0,125,0,41,0,1,29,2,0,0,7,6,0,0,0,0,0,0,0,0,0,0,0,0,9,3,0,0,0,0,0,0,0,0,1,0,0,8,0,0,0,0,0,0,0,0,0,0,0,0,1,0,0,0
2015,BOER,spring,core_black,0,0,0,0,3,0,0,0,0,0,0,0,0,0,34,0,3,2,2,0,0,0,0,64,0,0,0,0,0,0,0,0,0,0,0,0,0,0,0,0,0,0,0,0,0,0,0,0,0,0,0,0,0,0,0,1,0,0
2015,BOGR,fall,core_blue,19,0,16,35,1,119,0,170,0,5,0,0,0,0,8,0,0,0,0,0,0,0,0,0,0,0,0,0,18,9,0,0,0,0,19,0,0,0,0,0,0,3,0,0,0,0,0,0,0,0,0,0,0,0,13,0,1,1
2015,BOGR,spring,core_blue,0,0,0,0,6,0,0,0,0,0,0,0,0,0,43,0,19,1,0,0,0,0,0,96,0,0,1,0,0,0,0,23,0,0,0,0,0,0,0,0,0,0,0,0,0,0,0,0,0,0,0,0,0,0,0,0,0,0
2015,LATR,fall,core_creosote,0,0,0,2,0,5,0,0,0,3,2,0,8,1,19,2,0,0,0,0,0,0,0,0,2,0,0,6,4,1,0,0,0,0,0,0,0,0,0,3,0,0,0,0,0,0,0,0,0,0,0,0,0,0,0,0,0,0
2015,LATR,spring,core_creosote,0,0,0,0,0,0,0,0,0,0,0,0,0,0,22,0,0,1,13,0,0,0,0,5,0,0,0,5,0,0,0,0,0,0,0,0,0,0,0,0,0,0,0,0,0,0,0,0,0,0,0,0,0,0,0,0,0,0
2016,BOER,fall,core_black,13,0,1,5,1,4,2,0,0,2,19,0,0,0,2,2,0,0,0,0,0,0,0,0,0,0,0,7,0,0,0,0,0,0,0,0,1,0,0,0,0,0,0,0,0,0,0,0,0,0,0,0,0,0,0,0,0,0
2016,BOER,spring,core_black,0,0,0,0,1,0,0,0,0,0,0,0,0,0,9,0,7,0,0,0,19,0,0,60,0,0,0,1,0,0,0,1,0,0,0,0,0,0,0,0,0,0,0,0,0,0,0,0,0,0,0,0,0,0,0,0,0,0
2016,BOGR,fall,core_blue,13,2,11,23,0,8,0,3,0,13,0,3,0,2,5,0,0,0,0,0,0,0,0,0,0,0,2,0,14,1,0,0,0,0,3,0,0,2,0,0,0,3,0,0,0,0,0,0,0,4,0,0,0,0,1,0,0,4
2016,BOGR,spring,core_blue,2,1,0,0,4,0,0,0,0,0,0,0,0,0,31,0,10,0,0,0,0,0,0,112,0,0,1,0,0,0,0,26,0,0,0,0,0,0,0,0,0,0,0,0,0,0,0,0,0,0,0,0,0,0,0,0,0,0
2016,LATR,fall,core_creosote,0,0,0,0,0,0,0,0,0,0,0,0,9,1,4,3,0,0,0,0,0,0,0,0,1,3,0,12,0,0,0,0,0,0,0,0,2,0,0,2,0,0,0,0,0,0,0,0,0,0,0,0,0,0,0,0,0,0
2016,LATR,spring,core_creosote,0,0,0,0,0,0,0,0,0,0,0,0,0,0,11,0,1,1,22,0,0,0,0,4,0,0,0,6,0,0,0,1,0,0,0,0,0,0,0,0,0,0,0,0,0,0,0,0,0,0,0,0,0,0,0,0,0,0
2017,BOER,fall,core_black,12,0,0,12,0,6,0,0,0,4,22,0,3,0,25,1,0,0,0,0,0,0,0,1,0,0,0,0,0,0,0,0,0,0,1,1,0,0,1,0,0,2,0,0,0,0,0,0,0,0,0,0,0,0,0,0,0,0
2017,BOER,spring,core_black,3,0,0,0,0,0,0,0,0,0,0,0,0,0,26,0,3,2,0,0,61,0,0,43,0,0,0,0,0,0,0,2,0,0,0,0,0,0,0,0,0,0,0,0,0,0,0,0,0,0,0,0,0,0,0,0,0,1
2017,BOGR,fall,core_blue,8,0,11,13,1,35,0,2,0,12,2,0,3,5,26,0,2,0,0,1,0,0,0,1,0,0,6,0,32,4,0,0,0,0,2,0,0,0,1,0,0,25,0,0,0,0,0,0,0,0,0,0,0,0,1,0,0,0
2017,BOGR,spring,core_blue,0,0,0,2,9,0,0,0,0,0,0,0,0,0,26,0,34,4,0,1,2,0,0,118,0,0,3,0,2,0,0,7,0,0,0,0,0,0,0,0,0,0,0,0,0,0,0,0,0,1,0,0,0,0,0,0,0,0
2017,LATR,fall,core_creosote,2,0,0,0,0,0,0,0,0,0,1,0,8,0,15,1,0,0,0,0,0,0,0,1,2,6,0,7,0,0,0,0,0,0,0,0,0,0,0,0,0,0,0,0,0,0,0,0,0,0,0,0,0,0,0,0,0,0
2017,LATR,spring,core_creosote,1,0,0,0,0,0,0,0,0,0,0,0,0,0,12,0,1,2,14,0,0,0,0,5,0,0,0,12,0,0,0,0,0,0,0,0,0,0,0,0,0,0,0,0,0,0,0,0,0,0,0,0,0,0,0,0,0,0
2018,BOER,fall,core_black,6,0,1,3,0,0,1,0,0,0,6,0,4,0,5,1,0,0,0,0,0,0,0,0,0,0,0,10,1,1,0,0,0,0,0,0,0,0,0,0,0,1,0,0,0,0,0,0,0,0,0,0,0,0,0,0,0,0
2018,BOER,spring,core_black,0,0,0,0,15,0,0,0,0,0,0,0,0,0,9,0,4,4,8,0,17,0,0,52,0,0,0,2,0,0,0,0,0,0,0,0,0,0,0,0,0,0,0,0,0,0,0,0,0,0,0,0,0,0,0,0,0,0
2018,BOGR,fall,core_blue,19,4,13,5,4,1,0,1,0,8,0,0,3,1,8,0,5,0,0,0,0,0,0,6,0,0,2,1,15,3,0,0,0,0,2,0,0,0,0,0,0,1,0,0,0,0,0,0,0,3,0,0,0,0,0,0,0,0
2018,BOGR,spring,core_blue,0,0,0,0,56,0,0,0,0,0,0,0,0,0,3,0,37,11,6,0,0,0,0,189,0,0,0,0,0,0,0,59,0,0,0,0,0,0,0,0,0,0,0,0,0,0,0,0,0,0,0,0,0,0,0,0,0,0
2018,LATR,fall,core_creosote,0,0,0,0,0,0,0,0,0,0,1,0,12,0,3,1,0,0,0,0,0,0,0,0,7,5,0,10,0,0,0,0,0,0,0,0,0,0,0,5,0,0,0,0,0,0,0,0,0,0,0,0,0,0,0,0,0,0
2018,LATR,spring,core_creosote,0,0,0,0,1,0,0,0,0,0,0,0,0,0,1,0,0,1,10,0,0,0,0,5,0,0,0,16,0,0,0,1,0,0,0,0,0,0,0,0,0,0,0,0,0,0,0,0,0,0,0,0,0,0,0,0,0,0
2019,BOER,fall,core_black,14,0,0,0,0,5,0,0,0,0,9,0,0,0,23,3,0,0,0,0,0,0,0,2,0,0,0,2,0,0,0,0,0,0,0,3,0,0,0,0,0,0,0,0,0,0,0,0,0,1,0,0,0,0,0,0,0,0
2019,BOER,spring,core_black,2,0,0,0,1,0,0,0,0,0,0,0,0,0,35,0,8,5,4,0,5,0,0,79,0,0,0,0,0,0,0,7,0,0,0,0,0,0,0,0,0,0,0,0,0,0,0,0,0,0,0,0,0,0,0,0,0,0
2019,BOGR,fall,core_blue,55,9,7,14,0,6,0,0,0,5,0,0,4,0,43,0,3,0,0,0,0,1,0,1,0,0,3,0,14,1,0,0,0,0,5,0,0,0,0,0,8,0,0,0,0,0,0,0,0,6,0,0,0,0,0,0,0,0
2019,BOGR,spring,core_blue,6,0,0,0,129,0,0,0,0,0,0,0,0,0,24,0,104,5,0,0,0,0,0,392,0,0,0,0,0,0,0,70,0,0,0,0,0,0,0,0,0,0,0,0,0,0,0,0,0,26,0,0,0,0,0,0,0,0
2019,LATR,fall,core_creosote,1,0,0,0,0,0,0,0,0,0,0,0,8,0,17,0,0,0,0,0,0,0,0,0,0,5,0,10,0,0,0,0,0,0,0,0,0,0,0,2,0,0,0,0,0,0,0,0,0,0,0,0,0,0,0,0,0,0
2019,LATR,spring,core_creosote,0,0,0,0,3,0,0,0,0,0,0,0,0,0,16,0,0,4,17,0,0,0,0,0,0,0,0,6,0,0,0,0,0,0,0,0,0,0,0,0,0,0,0,0,0,0,0,0,0,0,0,0,0,0,0,0,0,0
